	0	1	2	3	4	5	6	7	8	9	10	11	12	13	14	15	16	17	18	19	20	21	22	23	24	25	26	27	28	29	30	31	32	33	34	35	36	37	38	39	40	41	42	43	44	45	46	47	48	49	50	51	52	53	54	55	56	57	58	59	60	61	62	63	64	65	66	67	68	69	70	71	72	73	74	75	76	77	78	79	80	81	82	83	84	85	86	87	88	89	90	91	92	93	94	95	96	97	98	99
0	0.7819383259911894	0.5978780944456001	0.5306122448979592	0.5134114091424253	0.4240166865315852	0.5266200915442062	0.5140397622463619	0.5578660143018442	0.52495802167608	0.4641997788905508	0.5194109772423026	0.4945902802412203	0.5323517628205128	0.4891368173810922	0.5271907579599887	0.31954634286995803	0.5373980249033921	0.580698575356161	0.5374012699396005	0.6321113272482418	0.7342160160074929	0.5976253637932367	0.47706497911237955	0.523445443084306	0.5168598357001847	0.5485612129129852	0.7063282794990112	0.5807988994251462	0.6694921324705714	0.4486057441253264	0.59726941244717	0.5981723005944459	0.6963571962434602	0.5377460770328103	0.555413551451637	0.5493789093471941	0.6134385081090636	0.6657187612965417	0.5976159565679217	0.5698971566848154	0.5516853932584269	0.5857996750232126	0.6703575138723491	0.5833606288896168	0.5257826454827489	0.5584402299556046	0.5490397102043606	0.6442805320435309	0.5762841924708856	0.5543475036340443	0.6064438823059513	0.7475852109212303	0.5481573852262659	0.5934502250443269	0.5745056999451342	0.5805370711218085	0.5705577100131127	0.5795473410436611	0.5541129799022982	0.5775551051108476	0.5730794294403012	0.6131461000225712	0.5792393880629175	0.5430700154036073	0.6146806105764483	0.5488937331571088	0.5813096862210095	0.555552478921209	0.5632846829880728	0.5698356302479685	0.6196160685787242	0.5865002459092661	0.6838310079541009	0.5436571503807246	0.5771848279581833	0.6782195080411669	0.6896439257505069	0.5678778141272576	0.6347678543884004	0.5802688399852147	0.6046944901268502	0.604819929596534	0.5900125360843713	0.5921444157905178	0.5710385903958307	0.6766766521978358	0.59091822016104	0.5649737302977232	0.6627662737500359	0.5712461243739373	0.6469804531751434	0.6763557767880535	0.5831195508285023	0.5479359350327092	0.6158449040839578	0.5906268006914656	0.5965344380428539	0.6336612703753635	0.5733826247689464	0.5855978260869565
1	0.775330396475771	0.9409194924069066	0.5773535220539829	0.5655459010200227	0.8814809296781884	0.5533606359913273	0.5417093666734987	0.29554008280015054	0.5484658830712869	0.4422839305456201	0.545941341122064	0.5045228804540617	0.5472756410256411	0.4883538853004502	0.5590307128768667	0.31041553198987604	0.5549162730785745	0.41895776055986006	0.557534458726963	0.6256172377674697	0.749244327131849	0.5885079970123883	0.4729701782686024	0.5359307007198341	0.5217633573202572	0.5805342592910923	0.7258111770306892	0.6230776789662458	0.47083402975096106	0.42529503916449085	0.3899270738377393	0.6169816342826724	0.3892373184284925	0.5621112696148359	0.5885786099218268	0.5762047396705137	0.6202881258562022	0.6931678515483793	0.6379322553995043	0.6540592861464005	0.5779602420051858	0.6305565227483751	0.6978488357361846	0.624265428411784	0.5584516310989941	0.5855479858425909	0.5754676144259905	0.4155743651753325	0.6144488579940417	0.48442552434068054	0.6174753219088195	0.7754115344768044	0.5764611295244971	0.5383181535757043	0.6143951555546524	0.6240502147340601	0.5977317746840387	0.5872115544242156	0.5801613061866824	0.6240741448987137	0.6574035189341829	0.6369748170122207	0.4522597500538677	0.5670384653200345	0.6759687030188638	0.586913609914348	0.627830832196453	0.5830345152224176	0.6087570621468926	0.6097539985984928	0.6665633122064657	0.628597253791655	0.7177337332116313	0.5680476618902373	0.6187001284959627	0.7295929539427265	0.7220039989222763	0.6036411854662305	0.6709085300015425	0.6166190351691745	0.6398629144480351	0.6205794746818305	0.6564652842470874	0.6346135601114341	0.6448126882423941	0.744941003851562	0.6217385747411857	0.6010600055304637	0.6993660262988788	0.6632302141115103	0.684459787999611	0.704702646057113	0.6628201031633725	0.5728452688750455	0.5625654183532638	0.6484338875016895	0.6275521748968687	0.677470390961862	0.5974121996303142	0.6059782608695652
2	0.7599118942731278	0.9375910131058872	0.7485187623436471	0.6225916131469588	0.8905691299165673	0.5615514333895447	0.5609756097560976	0.30880692510350016	0.5727369867195848	0.43987773948104314	0.5684556407447974	0.5047002483150054	0.5640024038461539	0.4880276636001827	0.571240725086879	0.31076794925191426	0.5718334048948046	0.42633091727068234	0.5673687470961747	0.6224749364058058	0.7522670186044531	0.5895124526746851	0.4785539976010258	0.5454878197568018	0.5207444437368656	0.5874445628631347	0.7303523035230353	0.6308897951161991	0.701105513239894	0.42220365535248044	0.3952100770696942	0.6301126785555852	0.3932993208331979	0.570527817403709	0.5939889662811255	0.5860717117434587	0.6228953997083388	0.6959392697915412	0.6425823203115779	0.659286146400484	0.5883751080380294	0.6384633240482822	0.7042592545671067	0.6349973988940483	0.5622590956096644	0.5953681540129708	0.5879980862552115	0.4200967351874244	0.6250112846438567	0.6382716781868344	0.6270993019761493	0.7798172818317862	0.5819742066747613	0.5476987891554397	0.6247586921623214	0.6340554061069423	0.6032140166838713	0.5896878977367053	0.5847841054391659	0.6317232059764664	0.6652233726739556	0.6459065553155129	0.4588450764921353	0.5696712804658226	0.7160556146915843	0.5949467035136202	0.6358117326057299	0.5928228273961982	0.5348399246704332	0.6366899841408392	0.6686790388035201	0.6481104863686512	0.7192984743773634	0.5736762414693555	0.6298364452623063	0.6154838081798496	0.5858704746238602	0.610377668944424	0.6756902668517661	0.6210636398878481	0.6535139673156762	0.6295694557270511	0.6637799169628172	0.6453515951803903	0.6527202788525533	0.750418780950052	0.638052547974219	0.6090607429256153	0.70409445344945	0.6748013140584248	0.7209569191870077	0.709680377259628	0.6706166978591318	0.5808186850370474	0.5718652451393584	0.658329242873708	0.6339054150493464	0.683464619567034	0.6277264325323475	0.5964673913043478
3	0.751101321585903	0.9361348034116913	0.7188940092165899	0.7159047978843974	0.8995083432657927	0.5873283546133462	0.5878253740520598	0.3148287542340986	0.5828117844603877	0.44475515380113156	0.5783132530120482	0.523323873714083	0.5754206730769231	0.4929862334442487	0.5849535080304311	0.30958254573414923	0.5774151996565049	0.7445326168457885	0.5773579061483661	0.6256172377674697	0.7569926348503555	0.5818888917505859	0.4687512925507714	0.5426410183415349	0.5753836846462459	0.6990751882284182	0.7358456016992603	0.7212450253033951	0.48628256249850765	0.4152271540469974	0.39164663959559126	0.6401827699405555	0.40574529620121536	0.5811982881597717	0.670287771316591	0.5982732798872346	0.6252154315259181	0.7096035666947825	0.6617018765490381	0.6750151240169389	0.6027225583405359	0.702414113277623	0.7090227278485823	0.7046492360455483	0.5702970762433017	0.6662984103602774	0.5959720228738068	0.42399032648125756	0.6378757786404261	0.49792340324542406	0.6268330258478042	0.791485710099731	0.5911954845272864	0.5647476018003547	0.6420109325150881	0.6504632907011499	0.5775046731579387	0.5936030103480715	0.5944887052883512	0.6459759564513456	0.676084280645862	0.6575468351981427	0.46109405300581774	0.5800058992538536	0.6092486310314177	0.6043014813161914	0.6513233287858118	0.6008113084772044	0.5486503452605147	0.6512951648000394	0.6769504354566596	0.6647791468942325	0.7337071326118138	0.5798204998793092	0.6480638355251678	0.6277219532371475	0.5978388803017627	0.623095685166186	0.687968533086534	0.6366242641159023	0.665175439605304	0.6339155158407799	0.6796627908314069	0.6893387267881631	0.6651964489165134	0.7597603472519411	0.6741222224250945	0.6252373490644298	0.7492686763281318	0.6871494626054978	0.736740250899543	0.7189939743253865	0.6871684849591455	0.6159312151867983	0.5859354014023842	0.6689715517425358	0.6442620668047554	0.7040990273305627	0.6218114602587801	0.6195652173913043
4	0.7400881057268722	0.9332223840232994	0.7096774193548387	0.7151492255383453	0.9227502979737783	0.6164779571187665	0.6191842590694815	0.33167105758374105	0.6008243016333384	0.4476165702022501	0.5910916392844103	0.525097552323519	0.5896434294871795	0.4981405363084752	0.5910585141354372	0.30955050780123666	0.5890940317732932	0.7491564608847788	0.5857983583707604	0.6241508304653599	0.7644855038528673	0.5831766554201973	0.470198949414733	0.5523608117450892	0.5743170094886327	0.7035101591776395	0.7408261920457042	0.7244140912887534	0.7215682529070462	0.41340992167101825	0.5986989309687578	0.6482122260668973	0.4084099697787021	0.5883880171184023	0.6719705199480265	0.6046603823451678	0.6269609792743824	0.7209543318472105	0.6660450843856958	0.6838475499092559	0.6060501296456353	0.5675342386258124	0.7146223427167	0.7100826573669101	0.60512832565573	0.6742568383150228	0.5661267172442075	0.42974607013301086	0.6490250067707863	0.502195259426266	0.6309032466667934	0.795483324089287	0.5979391592557346	0.5688696258353918	0.704618886021418	0.6594144760646248	0.6250453366068689	0.5955813181340269	0.6035048031212091	0.6550273453933529	0.6857722105568026	0.6622222938767613	0.4671407024348201	0.5852278313687361	0.6141538731660211	0.6103434662455586	0.6618008185538882	0.6082044608121392	0.5565756434400502	0.6256992168770976	0.6789020108522184	0.6721032553069878	0.7388838179684444	0.585471023238463	0.6565826419404477	0.6333544196004963	0.6035111104808634	0.6305677616678604	0.6960203609440074	0.6434489411382877	0.6691776016928686	0.6406038451123748	0.6873224533922184	0.7201297189136041	0.6719421538878048	0.764443357583909	0.6824754879585166	0.6332657387777675	0.757334816761459	0.6920733349233338	0.7421666828746475	0.7272923762116845	0.6967909800520382	0.6202346041055719	0.6180679702479646	0.6752815303298689	0.6530347600563959	0.7111962831325972	0.6425138632162661	0.6019021739130435
5	0.6938325991189427	0.9230289161639276	0.6662277814351547	0.6917264828107291	0.9191001191895113	0.684895205974464	0.6325066612010658	0.7791682348513361	0.6168523889482522	0.45834688170644466	0.6084945843981988	0.536537779354381	0.5973557692307693	0.5028381287923273	0.611815534892458	0.30897382500881043	0.5944182052382997	0.7568107973006748	0.5983428836921171	0.6284004189735148	0.7649538081655243	0.5798284698792078	0.46655912644248665	0.5570376997844565	0.5741737247659683	0.7094578333963626	0.7477477477477478	0.7321033754237705	0.49795850146844634	0.40914882506527417	0.3909836744841303	0.6563304054653536	0.41243947616416987	0.5924964336661912	0.6791701280166997	0.6145714034005815	0.4149321666887622	0.7907217737076756	0.7067862622447775	0.720919540229885	0.6166810717372515	0.5743239322191273	0.7247067170040794	0.7227028380956051	0.6075491209927611	0.6087072157777369	0.6239947144191557	0.4341717049576784	0.6550735758779453	0.652407368951912	0.6588432204195751	0.8020239228941888	0.6000721950579201	0.5767954294027612	0.7124626607872224	0.66894772444822	0.6259799681946265	0.4595484477892756	0.6101111438969214	0.6660292449101872	0.6951705162551589	0.5098023409537936	0.5049019607843137	0.6072298633339523	0.6210563279818275	0.618942995931959	0.6748021828103683	0.6144208005094907	0.5636116342331031	0.7035812198030513	0.6830969860015503	0.6855285719982454	0.7475159733994002	0.5625397731013144	0.6656725415232324	0.6392910148171578	0.6123456089848126	0.6404401943514199	0.7044423877834336	0.6622551185077667	0.7091877221027452	0.6505686433793664	0.6981218875432725	0.7275730315758605	0.6827600988166815	0.7730879745674635	0.6885007942449196	0.6415614342335699	0.7638471941148826	0.68093307380423	0.7499173392978703	0.7343594445899921	0.7057378919979915	0.6274271634073123	0.631285951148121	0.6815488258602415	0.659170423491323	0.720967544260359	0.6539741219963031	0.6535326086956522
6	0.7048458149779736	0.9205325566881631	0.6728110599078341	0.6939931998488855	0.9196960667461264	0.6882678872560829	0.698298831727813	0.35848701543093714	0.6258586475347275	0.4655654549001756	0.6222465620055981	0.5415040794608017	0.612479967948718	0.5074704769361258	0.6190476190476191	0.3128824528241438	0.6106483469300129	0.7580917270682329	0.6012854266687316	0.6279515187789915	0.7701051556047511	0.5821206892111159	0.4688340158001406	0.5591117979584367	0.5777717633573203	0.7137209062467769	0.7534607778510217	0.7662752419790694	0.5040710584752035	0.3494725848563969	0.39543797132675895	0.6597906130778103	0.4175413511844799	0.5947788873038516	0.6844100794512962	0.6206061139987666	0.4201688099341553	0.7931799011929148	0.7264251150714033	0.7218632788868724	0.6243301642178046	0.7207520891364902	0.7299516051384701	0.7211229070730815	0.6081601955438564	0.7069702735326009	0.6282095094889846	0.43453446191052	0.6623183172339081	0.5102494882672284	0.6652148277764042	0.8046401624161496	0.6053063367571293	0.5770530559049509	0.7134990144479892	0.6740919030314472	0.6705353904528081	0.4619279508604947	0.6116520769810826	0.6695605614410831	0.6972992542176526	0.5136071969819108	0.5056426416720534	0.6347924882834264	0.6205844590516532	0.6235774730084622	0.677462482946794	0.6393415387171357	0.5667111320359908	0.7710133880822709	0.6853951028224887	0.6555143491379883	0.7491198330942757	0.45181145904193454	0.6952742040388978	0.6448748205639765	0.6151675434989152	0.6433051356007665	0.7100262224278884	0.6906266622190568	0.7117523259692018	0.6512049823991335	0.7042059138115447	0.7304537574497814	0.68435064129319	0.7742006480405942	0.6901531888477058	0.6432850954004977	0.7680481091086963	0.6855338170012079	0.7620927744821551	0.7355645795127063	0.7118363993244169	0.6312186572732479	0.6330088274252262	0.6850915195879662	0.6648535273537449	0.7249228438046639	0.6550831792975971	0.6453804347826086
7	0.711453744493392	0.9230289161639276	0.6714944042132982	0.6921042689837552	0.9182061978545888	0.6832088653336545	0.6966591514654642	0.8320474219044035	0.6428026255533507	0.4682968069194251	0.6338079591091639	0.5498403689251508	0.6253004807692307	0.5196059241860769	0.6222410068563915	0.3149969563963733	0.6187204808930872	0.7638715321169708	0.6040730989623664	0.6341762681430495	0.7724041040487036	0.5844386638164164	0.48016710096372583	0.5653340924803774	0.5732025727567981	0.7157493038126999	0.7539734856808028	0.7709674249496389	0.5045963563429717	0.34807310704960837	0.3972611253832767	0.6608552923431816	0.42222077795470053	0.5935235378031384	0.6862206317762584	0.6205180160338296	0.4236820009722038	0.7954211350765152	0.7326566741413904	0.7259286146400484	0.627009507346586	0.7212453574744662	0.7301289685053336	0.7263443864280071	0.6125082260035725	0.6117760183309806	0.6324926525869728	0.4382587666263603	0.6650040624717883	0.657673025008158	0.663997565475398	0.8349676109547182	0.6090473533948085	0.581356933941534	0.7183962935116133	0.6798968017996759	0.5376363585637363	0.46494383266006306	0.6121274712304514	0.705166940758022	0.7011946998769097	0.6781027311127592	0.5072721396250808	0.6187224838043632	0.6235363832892556	0.6245558626135018	0.6805457025920874	0.6427196832297277	0.5708176396735719	0.773214000319642	0.6887966804979253	0.6581994124762398	0.7526665797366019	0.5607074674683461	0.6907530497961515	0.6452762706503491	0.6183439923992116	0.6483478193538396	0.7101650470461206	0.692033068580341	0.7147194461375685	0.6527619821283509	0.7225154975905416	0.7354907152652597	0.6869789845345126	0.7783823439506022	0.6920612025050668	0.6484007742649092	0.7820895236085668	0.6874802852768525	0.7657103957988913	0.7391603353418915	0.7149313004975578	0.6329712471151677	0.6350095869728323	0.6882785211743532	0.6655671789873109	0.7285327509943957	0.6687615526802219	0.65625
8	0.6872246696035242	0.9165799875182026	0.6563528637261357	0.6837929731771817	0.912023241954708	0.6738135389062876	0.6870260299241648	0.38991343620624763	0.6876812700351091	0.46946738635624635	0.6355117439454789	0.5548953529620433	0.6380208333333334	0.5191492138057023	0.6351084812623274	0.3170794220356903	0.6251610133104336	0.766777055736066	0.6179340250890506	0.6307346999850366	0.7811741666311891	0.5840780899889252	0.47842991272697194	0.5650900809304974	0.5795707826529962	0.7209062467769106	0.7584413681974658	0.5373900653466319	0.5073183543850434	0.3477389033942559	0.3987735145437971	0.6731878271670659	0.42927241412926914	0.602453637660485	0.7478220120561484	0.6295480574398732	0.4250961156038711	0.7986504398120255	0.7346158385459696	0.7285662431941924	0.6344425237683665	0.7269469591457753	0.7352218308966985	0.7324907034546541	0.6122026887280249	0.4315350150371325	0.6378465814594583	0.44118500604594924	0.6703304143721224	0.5160491263460797	0.6666222873119425	0.8386408112435509	0.6110163095199028	0.5536393532059345	0.7240251163357786	0.6843173344659965	0.5378177049912116	0.4660367439544021	0.6178813809383299	0.7108144975204294	0.7058576496995149	0.6812626962886531	0.5080262874380521	0.6496717174475894	0.6243264894048964	0.6292761633395698	0.683656207366985	0.6460424483240803	0.5763627327892865	0.7733738213201214	0.6908029729606493	0.6629979662639072	0.7581170947972357	0.46595422527484587	0.6984786712565636	0.6821001922094353	0.622654887335328	0.6505739561354266	0.7175073268548512	0.6753094544766095	0.7179510770186193	0.6579339290549688	0.7269893845817663	0.7382161924393883	0.6937585308350912	0.7809255976034725	0.608738519965674	0.6507143515531385	0.5526025531588387	0.6909577701013241	0.7685889331907031	0.7445965417867435	0.7042863011822705	0.6390272258758611	0.665641586157708	0.6922836146858171	0.6729908965901377	0.7345158379107105	0.655452865064695	0.6467391304347826
9	0.6255506607929515	0.9090909090909091	0.6319947333772219	0.6641480921798262	0.9088945172824792	0.6518911105757649	0.6706292273006764	0.8209446744448626	0.6779117691955426	0.6843337452038759	0.6412315930388219	0.5555161404753459	0.6392227564102564	0.5195406798460234	0.6393350239504085	0.31582994265210007	0.6310004293688278	0.775212446888278	0.6245934644571782	0.6286697590902289	0.3566350206479629	0.5833311870605506	0.47466600488067173	0.5734678108097117	0.578535948544864	0.7199436174235913	0.7602358456016992	0.842013462388837	0.5460948878966596	0.3483028720626632	0.39608021877848676	0.6744299529766657	0.4287199818022292	0.6755206847360913	0.749398257609645	0.6347458373711568	0.4282115869017632	0.5703337751536329	0.7427593532397025	0.7348578342407743	0.6417026793431287	0.7725162488393686	0.7411508348747055	0.7387140902872777	0.61410642098336	0.6652550174921745	0.6451826031485658	0.4427085852478839	0.6792904215942945	0.5307039662998012	0.6676303326549632	0.8416965790052011	0.6174810487972959	0.7423128798096594	0.731320233281177	0.6945270344675697	0.6757944368495941	0.4660782469149466	0.6432084193960854	0.7182085898955903	0.7125045253783217	0.5280043852577951	0.5106792717086834	0.6990506571113321	0.6282331251988983	0.6357644312466744	0.695525238744884	0.6841019535089784	0.5853996652019251	0.777430815947677	0.6935753043636861	0.7369967167789874	0.6340070413352458	0.4743477211384433	0.7093928962355442	0.6885963845161919	0.6279442419773394	0.6585977274047117	0.7264383772944625	0.6819808692673164	0.7211482065023633	0.6588275115082589	0.7316242855006958	0.7459096280068654	0.6981466231993593	0.7890689001650669	0.7024137742153408	0.6584846529634067	0.6511322329110039	0.6984359011840374	0.7746572012058738	0.6829250720461095	0.7141644223307618	0.6410227489631957	0.6726257190229624	0.6985793655874967	0.6782040347426502	0.7417022272236026	0.6617375231053605	0.6589673913043478
10	0.7048458149779736	0.921988766382359	0.6728110599078341	0.6992822062712505	0.9166418355184743	0.675740785352927	0.6866161098585776	0.38643206624012044	0.6921080751030377	0.6891461273330298	0.7018376536448826	0.7296913799219581	0.6539463141025641	0.5219547204280028	0.6434676434676435	0.3182007496876302	0.6303993130098755	0.77511872031992	0.624206287749729	0.6274427652251983	0.3588488228532505	0.5124526746851418	0.47123299003184843	0.5677742079791777	0.5778513659810227	0.7219376353697529	0.7621768109572987	0.8432172161352135	0.5443040997110862	0.34088772845953	0.4002651860445844	0.678023245497294	0.433659376726351	0.41178316690442224	0.7489083434511258	0.6369042375121134	0.42624508374210085	0.8047957585251235	0.7439867815413667	0.7364307320024198	0.6387640449438202	0.7745038300835655	0.7422656903235615	0.7524325157511416	0.6147409984018051	0.6180363755395978	0.6433599890643155	0.44505441354292624	0.6801706238151124	0.5319350915185855	0.6654811039047492	0.8439465449940873	0.6187444623108982	0.7124736690560262	0.7311779886610718	0.6941652115091164	0.5465920821359819	0.4649715013004261	0.5713747090259336	0.7197893958516592	0.7126927811165014	0.6892754651275271	0.5078242835595776	0.6986027508002228	0.629176863059247	0.6372749274790162	0.6975034106412006	0.6847803513824088	0.5873875287717095	0.7794839011076825	0.6929004605353153	0.7396286105461845	0.7656148128830356	0.5855478264685875	0.7108364928534036	0.6889005133695044	0.6293339383712191	0.6612013395536112	0.7276569489433904	0.7048439880635767	0.7212517106942831	0.6619685892228541	0.7352010948947084	0.7480054854540593	0.7022188631569448	0.7889099468117625	0.7017016925633114	0.6859618398009033	0.6534341041404909	0.7007285792320298	0.75397257609647	0.6845362850406078	0.7142557173506185	0.6448055666417949	0.673792828759066	0.701816164073671	0.6799968668952673	0.7446881998373314	0.666913123844732	0.6616847826086957
11	0.6960352422907489	0.9215727064697317	0.6675444371296906	0.6898375519455988	0.9148539928486293	0.6764635027704168	0.6898954703832753	0.38511479111780206	0.6884445122882002	0.6866749040775184	0.7015942558111233	0.7655196878325647	0.6569511217948718	0.5263913355516409	0.651263266647882	0.5509883702303527	0.640446543580936	0.7829605098725319	0.6338082700944712	0.6302259464312434	0.36336157350249054	0.5129935354263786	0.47359060263887165	0.5697669689698646	0.5775488760109533	0.386839481555334	0.7653995458873508	0.8439050754188572	0.5507986915307658	0.553378590078329	0.3993536090163255	0.6815278147458078	0.4342443050726286	0.4140085592011412	0.7514431167060728	0.6397674213725663	0.42878607097087806	0.8048680563923364	0.7477162752271923	0.739794313369631	0.6455920484010371	0.776230269266481	0.7431525071578787	0.7538775746132059	0.6164567077183416	0.6216166451850488	0.6467773904722849	0.4461185006045949	0.6943892750744787	0.5313714438280578	0.6708636856420107	0.8443337484433375	0.6214353690151938	0.7159440495855244	0.7336164678628762	0.735963628926959	0.5829032168066289	0.46559404570859386	0.48255794891970755	0.7229892530691857	0.7156469480848598	0.6895334214684165	0.5086322990734755	0.7015086795503458	0.6301425483116969	0.6377727046464924	0.6992905866302865	0.6908305528250426	0.7112628164888052	0.7805903541879249	0.6943960603711641	0.7418218553521819	0.7684574260007824	0.5851747822079831	0.71259736345321	0.6906766258728498	0.6315886498674116	0.6603205636965486	0.7290760450408761	0.7065569188882177	0.7230112819569192	0.6652044408340103	0.7379383316656891	0.7489197277972797	0.704057575381561	0.7922724215932017	0.7053807810987968	0.6853627062402065	0.6542685324611799	0.7024596280937689	0.755071477195371	0.690385119203563	0.7385036746245492	0.6546703916430964	0.6768032308561583	0.7011261213194756	0.6825120537501523	0.7475181888070593	0.666543438077634	0.6494565217391305
12	0.6101321585903083	0.9053463698772624	0.6135615536537196	0.640347563279184	0.9062872467222884	0.6499638641291255	0.6605861856937897	0.8141701166729394	0.6757746908868875	0.6787409767835079	0.6880856760374833	0.749113160695282	0.6902043269230769	0.5237163176094474	0.6542688081149619	0.5522058116810303	0.6451696006869901	0.8630029992501874	0.6395384853647205	0.6362711357174922	0.3690663714930393	0.5175264635434105	0.4810356950821028	0.6295091300988247	0.5789976437623384	0.7272664764327706	0.7676334871456822	0.8489657544342357	0.551658269859841	0.34763446475195825	0.39970580923178917	0.6868068494366072	0.43681149059240243	0.6866476462196862	0.754872515815707	0.6441282706369483	0.43411109638075035	0.578141944812628	0.7502419450017703	0.7412704174228675	0.6550561797752809	0.7776085190343547	0.7471558517242253	0.7545326679640084	0.6210632697189057	0.7212504347470283	0.6495340942747135	0.4498669891172914	0.6482350817008216	0.5331068854015248	0.6739829202883391	0.8446267672697971	0.6197781642765727	0.7470259293497205	0.7336164678628762	0.7389840640583951	0.7212286917947717	0.46908029439433346	0.4852299924592636	0.7378156831248964	0.7536166823546449	0.5330506561764421	0.5138305322128851	0.7038793056359723	0.6326116299230744	0.6393003656087471	0.708130968622101	0.6904705866064877	0.7120344214270768	0.7820533310384676	0.6973143039533081	0.7442277784423974	0.6393662798278785	0.47781483838406	0.7146913717340609	0.6919296367484976	0.6355166692664388	0.689366809268472	0.7539719265772019	0.6854518080435625	0.7261854105091257	0.6706877877064717	0.7390999321441305	0.7507654623392529	0.7057270809597401	0.7960873020725072	0.7116525771878253	0.7133929394414231	0.656560812560544	0.7209395363866471	0.781863269473889	0.7072504584752424	0.7401104669740266	0.6567353242291207	0.6792393408608823	0.7039432030788711	0.6845137595516179	0.7461589027664813	0.6868761552680221	0.6793478260869565
13	0.6674008810572687	0.9203245267318494	0.6550362080315998	0.6807706837929732	0.9108313468414779	0.678631655022886	0.6808772289403566	0.3816334211516748	0.6812700351091436	0.6838785198673343	0.6991602774735305	0.761883646683221	0.7030248397435898	0.8022444052978404	0.6661031276415892	0.5547368083811233	0.6474881923572349	0.5576730817295676	0.6438748644881523	0.6355229687266197	0.36706543488441395	0.517474952996626	0.3715928361666046	0.632803286022205	0.5813220403744508	0.39299343349262555	0.7695744525012818	0.8477620006878592	0.5513717437501492	0.5576187989556136	0.3991671500787271	0.6904888652293497	0.4369739706885907	0.686904422253923	0.7564274607536158	0.6464188177253105	0.4475009942993504	0.5778768526328474	0.7496046264605216	0.7405686630369026	0.6519446845289542	0.7778406453110492	0.7497402893556643	0.7123754840947187	0.6215568299332519	0.7197978682051597	0.6508782721618481	0.45177750906892383	0.648596190304234	0.5320537541902756	0.6734503680316488	0.8465837144322237	0.6230269418829784	0.7467228393471441	0.7363394363048912	0.7416269447984016	0.4507993192534107	0.4689142825521554	0.48493492016655193	0.7380324065220994	0.7551227282600825	0.5318898526424403	0.5126319758672699	0.7022733976424834	0.6327323405796306	0.6825039907997048	0.7097817189631651	0.6894737570781819	0.7148592801841389	0.7833810747347586	0.6952624139346131	0.7015459052784092	0.7698656930499413	0.48028351363805927	0.7158176943699732	0.6945329797328532	0.6435003332435231	0.7279080121566426	0.7535400277649237	0.6862451654781331	0.7273009556887053	0.6705930138099107	0.7387664032938849	0.7527405707977196	0.7062459813421471	0.7935929571437305	0.7105114206941883	0.7147202507143515	0.6583927184140107	0.7213088268104848	0.7818535446854031	0.6481988472622479	0.7209202538001552	0.658574675944403	0.6791745014310988	0.7039076338647374	0.7065847417799516	0.7501142023107863	0.6879852125693161	0.6983695652173914
14	0.6541850220264317	0.918452257125026	0.6392363396971692	0.6694370986021911	0.9100119189511323	0.6658636473139002	0.6763681082188974	0.5935265336846067	0.6800488475041978	0.6826429082395786	0.6978215893878544	0.7583362894643491	0.7048277243589743	0.8010700071768774	0.7022635484173946	0.557427994745779	0.6538428510090167	0.5596725818545364	0.6465851014402973	0.6363908424360317	0.370726723147005	0.5186596955726686	0.3734127476527278	0.6328846232054984	0.5826434439279119	0.3963282566094819	0.7746649088112503	0.8524296172554414	0.615911749958215	0.5576396866840732	0.40328996436562525	0.6892911010558069	0.43967114028531507	0.687845934379458	0.7572581847615396	0.6558452999735707	0.44820805161518407	0.5807446680322931	0.8122034698453913	0.7451905626134301	0.6576923076923077	0.7794655292479109	0.7505004180707934	0.7594844029980155	0.623719093729435	0.7230917162789746	0.7105005353928873	0.4509552599758162	0.6820213054076013	0.5378237266012045	0.6745915514388421	0.8477243948637986	0.6267023266498212	0.7527846393986695	0.7381276543862144	0.7580977551245143	0.5909522082414976	0.4715981406673676	0.4882298941018327	0.7402123889292589	0.7575700528564188	0.5360816431818914	0.5137093298858004	0.7038465320034522	0.6350038956620979	0.6872929504454247	0.7135607094133697	0.6931426435365297	0.7154347143753923	0.8005065096322888	0.6990196525466235	0.7034998870146615	0.6435389229364976	0.4819622128107788	0.7191807985786126	0.695591348142381	0.6453721692026262	0.7297373158597728	0.756625019281197	0.6902750606287358	0.7274734626752384	0.6733279176821013	0.7439993559442892	0.7749066351569306	0.7096413947139844	0.797407837623036	0.71402618269459	0.7391833348695732	0.6604644025205489	0.7249017148924057	0.7851891471360498	0.6496594183914068	0.7676906924727256	0.6624616078710371	0.683842940375513	0.707834475105107	0.7101007815355694	0.7505710115539314	0.6964879852125693	0.6616847826086957
15	0.6145374449339207	0.9051383399209486	0.619486504279131	0.6535700793350964	0.9053188319427891	0.6504456757407854	0.6554621848739496	0.813323296951449	0.6704319951152495	0.6782857514469662	0.6885724717050018	0.7541681447321745	0.6921073717948718	0.7947413061916879	0.6964403118249272	0.5665267676929484	0.6575354229282954	0.8657210697325669	0.6540188942233235	0.3372138261259913	0.3744305845289284	0.5203337883431632	0.37705257062497416	0.6370734881451056	0.5433197478188881	0.3989754873311101	0.7750311286896653	0.6162973517417579	0.5677037320025787	0.5560731070496083	0.4030413524488274	0.6918197143110638	0.4450979754980015	0.6920684736091298	0.7567682706030204	0.659457316535988	0.45057227451500287	0.8134956018797446	0.8145875132774696	0.7487235329703569	0.6627052722558341	0.7854282729805014	0.7562773963057744	0.7622011136586964	0.6228494876374918	0.7232963031158576	0.7140774155332286	0.45787182587666264	0.742010472149499	0.538550535465306	0.6763223462730852	0.8501104053078268	0.6289666261936796	0.7540424629093609	0.7443864176708459	0.7612125788538078	0.5911754038445443	0.46888661391179237	0.5118520704239206	0.7424433650769368	0.7612337991456086	0.5765485441589011	0.5151368239603533	0.7039557774451861	0.6369462398630483	0.689181070735852	0.7196725784447476	0.6969361336859157	0.7548911906256539	0.801367084250255	0.7007250011399389	0.7066767688851671	0.7785630460294692	0.48683373197867064	0.7234957247330933	0.6983771684387241	0.6511153022589656	0.7306374494279796	0.7613604812586765	0.692564978678519	0.7327981783262222	0.6752369347414027	0.7752705609035182	0.7802972150108243	0.7153154575911742	0.8012838540074586	0.7173766181599079	0.7395981196423633	0.6635911109406021	0.7301948776340793	0.8004667898473208	0.6528556457951271	0.7728397315926416	0.6650991688212532	0.6882149704980595	0.7101180186524959	0.7144000974743695	0.7832718683498044	0.6909426987060998	0.6820652173913043
16	0.6167400881057269	0.9040981901393801	0.618828176431863	0.6463921420476011	0.9044249106078666	0.6494820525174657	0.6597663455626153	0.8141701166729394	0.6705846435658678	0.6770501398192105	0.6829743215285384	0.7534586732884001	0.6918068910256411	0.7974815684739349	0.6922137691368461	0.5670714125524621	0.6889652211249463	0.868376655836041	0.6583552733467555	0.639443363758791	0.37762356847886247	0.2713060499137198	0.37676303925218185	0.6391882549107324	0.5444023435012418	0.3988379688520645	0.7784369735589248	0.37699602024271606	0.619278431747093	0.5601462140992167	0.40488522416507833	0.6970987490018632	0.44760016897930005	0.42704707560627675	0.7591113383176774	0.6585322879041494	0.45024084139820586	0.815760935052416	0.8164050513395491	0.7504174228675136	0.6639152981849611	0.784702878365831	0.7601033775052576	0.7622781834646731	0.6231315220456896	0.7266924446081139	0.7169024673638166	0.4595888754534462	0.7425295657669044	0.5755732890326025	0.6780911805542348	0.8523289764224494	0.6341843599251796	0.7935047812447906	0.7449350754912519	0.7629902307801217	0.5912312027453059	0.4728293951635217	0.5111307825972919	0.7439986741627466	0.7624502208384621	0.5783542385451262	0.5160256410256411	0.7069272534603493	0.6371108453038068	0.6897646715528931	0.7184038199181446	0.6972407204862313	0.7535833856455325	0.8048216766452343	0.7150335142036387	0.7079927157687655	0.7790455078889034	0.4853086392662	0.7254786871202628	0.7009926765772122	0.6522922900211291	0.7331055575988695	0.7631806262532778	0.6943500329063027	0.7325336676135383	0.6794882209585703	0.7749140300636005	0.7817807025866158	0.7155974686685693	0.8039493794705631	0.71967718965108	0.7438657940824039	0.6660848047725464	0.7310796359411905	0.8028007390839249	0.6525543620644485	0.7742456748984343	0.6667129396657933	0.6868996563510221	0.7130204665258125	0.7151920767262536	0.7837398192818067	0.68909426987061	0.6970108695652174
17	0.5572687224669604	0.8866236738090285	0.56550362080316	0.6071023800528901	0.8986889153754469	0.6237051312936642	0.6320967411354785	0.8040082800150545	0.6557777438558998	0.6677505365155753	0.6636241937446756	0.7405108194395176	0.6743790064102564	0.7842369674430744	0.6826336057105288	0.5622977605484895	0.6748819235723487	0.8765621094726318	0.6567291311754685	0.6394134370791561	0.3767295329728809	0.2688850542148505	0.37953426810605123	0.638252877302859	0.5427466089282302	0.7387492694330801	0.7789130594008643	0.6187539920404854	0.6192306773954777	0.3528981723237598	0.40639761332559876	0.6993611924407772	0.4471127286907354	0.6948930099857347	0.7599846635567767	0.6619240595542243	0.45472623624552566	0.8172309916857453	0.8157677327983005	0.7533454325468845	0.668496110630942	0.7855588440111421	0.7607874933488737	0.7623937881736382	0.6261633919338159	0.7263855643527896	0.7176998610256761	0.46094316807738817	0.7414011013812404	0.5767599157495031	0.6832835650569641	0.8527266448297874	0.6315426771240115	0.7972327882764787	0.7468655381926805	0.7652083628297701	0.691669224116285	0.4772425433014222	0.5140159339038064	0.74450861156793	0.7645355151690681	0.543223809370264	0.5183419521654816	0.7085659350863586	0.6391958475534145	0.6935580768636606	0.7226193724420191	0.6981129463234989	0.7556889516635279	0.8061371264184114	0.7137294241028681	0.7105315627866172	0.7802451427826314	0.4885343749314257	0.7272871488173612	0.7021362010656675	0.6538237921694863	0.7344025242455332	0.7854079901280272	0.6944672334364097	0.7606983082814854	0.6810993772001083	0.7760756305420419	0.7808664602433955	0.715845638416677	0.805037598581647	0.7207726998849714	0.7453313669462623	0.6666890459702867	0.7331722816762708	0.8037926675094816	0.6541197275347131	0.7955539325329803	0.6466102136077322	0.6901972044942988	0.6961464313407459	0.7175767175506084	0.7841743451472374	0.6987060998151571	0.7092391304347826
18	0.526431718061674	0.8832951945080092	0.5470704410796576	0.5923687193048734	0.8966030989272944	0.6208142616237051	0.6265628202500513	0.8009032743695897	0.6519615325904442	0.666710021460623	0.6613119143239625	0.7349237318197942	0.6731770833333334	0.7819534155412018	0.6775617544848314	0.5617851536218883	0.6746243022756548	0.8763121719570107	0.6770171906458108	0.6366601825527458	0.3779215803141896	0.27019857315785406	0.3793688216073127	0.638862906177559	0.5413137617015857	0.739505621067831	0.7807075368050977	0.8555986832407999	0.6206394307681288	0.5067362924281984	0.40312422308776	0.6994499157128915	0.4485425535371917	0.6920114122681883	0.7586853260059215	0.667914721169941	0.4530911662026603	0.8202193035305458	0.8176088752507966	0.7539019963702359	0.6738115816767503	0.7878365831012071	0.763422606227988	0.7659775341515578	0.63076995393438	0.727613085374087	0.7180643838425261	0.4637726723095526	0.7999006951340616	0.5779762081343262	0.6785666736405652	0.8547359167826533	0.6321989958323762	0.798672465788716	0.7984800146308753	0.7659005458807243	0.6915576263147616	0.47634331248962425	0.5153601521261598	0.7494550043982101	0.6628339729201361	0.5809176796827137	0.5188536953242836	0.7093197286343227	0.6385593731824816	0.6930946291560103	0.7247203274215552	0.698528291960293	0.7904765641347562	0.808681968502969	0.7127627559162829	0.7469660113517034	0.813978354413874	0.4900704395339141	0.7288100639307074	0.7039488090314104	0.654461918064635	0.7368222381385625	0.7890482801172297	0.6970907222257282	0.7639989419571492	0.684646628757108	0.7796754419257266	0.7629697351284683	0.7198840370449752	0.807837623036009	0.7229454618488561	0.745432758779611	0.6695951583975139	0.7331030397218012	0.806690654478265	0.6584293948126801	0.7974619984479847	0.6495774696767252	0.6920590224066544	0.6978537536191676	0.7202833719169379	0.7872160262052522	0.7020332717190388	0.6807065217391305
19	0.45594713656387664	0.8697732473476181	0.48452929558920343	0.5425009444654325	0.8873659117997617	0.5793784630209589	0.586185693789711	0.7834023334587881	0.6199053579606167	0.6471353319893347	0.6305220883534136	0.7098261794962752	0.6436298076923077	0.7670124616689502	0.6578378886071193	0.23826610707077178	0.6527264920566767	0.8675643589102724	0.6580455319807961	0.5639383510399522	0.36936438332836646	0.5168568264352126	0.3778384414939819	0.6334539834885518	0.5407883843851493	0.7326296971155499	0.7767889841060572	0.8542475310764998	0.61880088823094	0.5038955613577023	0.37625341841385596	0.6956348150119777	0.4464303122867449	0.6919543509272468	0.7582167124629902	0.6639943617302441	0.45366565027177513	0.8180744668032293	0.8186002596482946	0.7565880217785844	0.6683664649956785	0.7895630222841226	0.7620543745407555	0.7658426619910984	0.6296418163015888	0.7274289572208924	0.7177454263777824	0.46133010882708586	0.8001489572989077	0.5765967545759293	0.6806778629438728	0.8799250709000911	0.6710858793029896	0.7992028732932244	0.8024019020137774	0.7679456321676341	0.6938593309711799	0.4783492889159427	0.5151306514540507	0.7510740556596678	0.8015494895373253	0.581868893689743	0.5179918121094592	0.7085987087188788	0.6417966135173988	0.6961499510805198	0.7256480218281037	0.7006742444170624	0.7908689056287926	0.8089524348114727	0.7152159044275227	0.7472717363852667	0.8140174729430173	0.4924403677777534	0.7698177260973714	0.7035838544074353	0.6586026460953786	0.7582802609419462	0.7902514268085763	0.6982086349744413	0.7644589605879039	0.6839561332250204	0.7828727184901494	0.7656693375192982	0.7200758045776038	0.8089502965091399	0.7249904142854534	0.7467324177343534	0.7146734699749672	0.7368959601166343	0.8075853350189633	0.7199567723342939	0.8004747341032546	0.6501761266029256	0.6947081762520957	0.7131342880110407	0.7198917338253468	0.7916949851258454	0.700184842883549	0.7038043478260869
20	0.40969162995594716	0.8629082587892657	0.45951283739302173	0.51681148469966	0.1364719904648391	0.5617923391953746	0.5673293707726993	0.7744636808430561	0.6000610593802473	0.6361448917214021	0.6111719605695509	0.6970556935083363	0.6283052884615384	0.7565081229203366	0.6412134873673335	0.23253131707942204	0.6431945040790039	0.8630654836290927	0.6471271488307263	0.5596887625317971	0.37204648984631106	0.514410075462951	0.3736195557761509	0.6299158160152913	0.5810991530280838	0.7309794753670025	0.7749945067018238	0.8524541836584287	0.6163176619469449	0.2953733681462141	0.3755283003231955	0.6959897081004347	0.4469177525753095	0.6912981455064194	0.757513792148593	0.6605585410977006	0.4495779751646118	0.5852512350885649	0.8166174908532987	0.7543375680580763	0.6715643906655142	0.7924210770659239	0.7623330884029695	0.7691759310995935	0.6259518661276676	0.728881523762761	0.7181327318706855	0.46270858524788394	0.8015933917125575	0.577679551455101	0.6806398234969664	0.8807727325052063	0.6711186952384077	0.801021413308682	0.8029099185141534	0.7689367124451366	0.6917947716429986	0.4766338332134359	0.5152781876004066	0.7818997718030112	0.8015494895373253	0.5837551994324961	0.5167663219133808	0.6817789527731956	0.6419392715660561	0.6964417514890403	0.7297680763983629	0.7013111077268134	0.7943476668759155	0.8082147994246444	0.7154165336737951	0.748773776767556	0.8171469552744817	0.5190581729608742	0.7738312419690023	0.7078903189703414	0.6588578964534381	0.7611161656245765	0.793351843282431	0.6998584578213323	0.7649534806159649	0.6850392634714324	0.7842528378704758	0.7664887056570902	0.722320612753669	0.8106009659473008	0.7262593803063777	0.7486772974467693	0.7166012871296625	0.7381192346455966	0.8093260721579306	0.7201860099554624	0.801944583922947	0.6538635062208263	0.696255059791217	0.715873117499342	0.7217280813214739	0.7928425790781367	0.7042513863216266	0.7024456521739131
21	0.41409691629955947	0.8606199292698149	0.4529295589203423	0.5153003400075558	0.13595053635280097	0.560828715972055	0.5673293707726993	0.7699473089951072	0.5996031140283926	0.6349743122845809	0.6093464768163563	0.6968783256473927	0.6237980769230769	0.7555294578195342	0.6401803324880248	0.23237112741485919	0.6417346500644053	0.8626593351662084	0.6458107480253988	0.5592997156965435	0.3728128059942952	0.6162721817292091	0.37465359639326634	0.6308511936231648	0.5794434184550723	0.7330766321724482	0.7735296271881638	0.8525278828673906	0.6174637663857119	0.29735770234986947	0.37726858374078065	0.6965664093691776	0.44639781626750724	0.6936376604850214	0.758749227852685	0.663641969870496	0.45125723628971676	0.8184359561392939	0.818080963059129	0.8120024198427103	0.6736819360414866	0.7877350278551533	0.7606101299820103	0.7670757788867266	0.6287957130769954	0.7306614292436424	0.7191351696170232	0.4629020556227328	0.8020673467545364	0.5788661781720016	0.6818570857979726	0.8805006435949224	0.6729071637187019	0.7999757527997939	0.8033976143545143	0.7702109585162112	0.6919482186200931	0.47761606994632283	0.5163929051506508	0.7789548832880764	0.6632249656071247	0.5849160029664979	0.5201061193708253	0.6817243300523286	0.6421258243989157	0.6960469627010419	0.7618690313778991	0.7043708205845297	0.7944784473739276	0.810194121045967	0.7176052163604031	0.7485212213050472	0.8168470465510497	0.5192117794211231	0.6218570046163364	0.7073793824967762	0.6598363561593329	0.7618033643701969	0.792765694894339	0.7003002136655818	0.7668165560705209	0.6855672894665583	0.7849083945761308	0.7679894430884141	0.7250617604259495	0.8116891850583848	0.7265971626284943	0.7475804221587243	0.7196704487689785	0.7377268635702691	0.8102985510065156	0.7226945244956773	0.8030309946592413	0.6532908778566346	0.6970331329486193	0.7128710758264507	0.7236949748481315	0.7901351486858378	0.7086876155268023	0.7065217391304348
22	0.36784140969163	0.8545870605367173	0.4259381171823568	0.48054401208915754	0.12902264600715138	0.5377017586123826	0.547243287558926	0.7562100112909296	0.576247901083804	0.6247642583078624	0.5856151880248266	0.6832210003547358	0.6053685897435898	0.7424153454687806	0.6208321592936977	0.22670041328933457	0.6236152855302705	0.8558797800549862	0.6318723865572247	0.5522370193027084	0.3637447315764826	0.6109408401370181	0.37163419779128926	0.627109683191671	0.5774533528625103	0.7251005603878021	0.7689885006958178	0.8498992777477522	0.6152909433872161	0.2947467362924282	0.3743888290378719	0.6945701357466063	0.4438306307477334	0.6900427960057062	0.7572368841459518	0.6558452999735707	0.4484069114852623	0.8159537293649838	0.7590699870175853	0.8101391409558378	0.6715643906655142	0.7886925487465181	0.7629665289989105	0.7672491859501743	0.6274795525054057	0.728881523762761	0.7158088989132664	0.4640628778718259	0.8024961632210887	0.5781838678097837	0.6830933678224319	0.8813901650323891	0.6718734617530273	0.7992634912937396	0.8026457499339579	0.7708874101341892	0.6934826883910387	0.47915167948647003	0.5172945149339366	0.7813005953519205	0.6656578089928318	0.5863025182987779	0.48456690368455074	0.6826419917628936	0.6408528756570501	0.6978492593419042	0.7788130968622101	0.7020725747276025	0.7942430424775058	0.8097146580445286	0.7158633897223109	0.8104238944052319	0.8178380492893467	0.5210221412740559	0.6209845011659819	0.7088756964550741	0.6603184957245565	0.7610000193577111	0.7944778651858707	0.7001469514339034	0.7662300323163088	0.687584619550501	0.7863575199254735	0.7678514442441544	0.7245202991573509	0.8129241303417497	0.7276013803428947	0.749930869204535	0.7188552027085352	0.7377499442217589	0.8111446076047846	0.7232446947864816	0.8028301456155567	0.6550694962605632	0.6983021332172399	0.732121134515654	0.7263755200083549	0.7939678896527136	0.699815157116451	0.6902173913043478
23	0.3788546255506608	0.857707509881423	0.43449637919684003	0.49301095579901777	0.1314809296781883	0.5449289327872802	0.5548268087722894	0.7616672939405345	0.5841856205159518	0.6294465760551473	0.5947426067907996	0.6880099326002128	0.612479967948718	0.7475696483330071	0.6282520897905514	0.22910325825777722	0.6308286818376986	0.8578480379905024	0.6353569769242683	0.5547209337124046	0.3677891779130657	0.6134648569294563	0.37494312776605865	0.7841717841311155	0.3780487804878049	0.7929659297968165	0.7725408335164433	0.8514223947329632	0.6164131706501755	0.2968772845953003	0.375590453302395	0.6956348150119777	0.4453904396711403	0.6912125534950071	0.7574285896862419	0.659016826711303	0.45253877767466527	0.8182672611157971	0.7585742948188363	0.8115426497277677	0.6732497839239412	0.7917392061281338	0.7649935389059214	0.7708714668310822	0.6295713076995394	0.7318071155301867	0.7177226437017292	0.46495767835550184	0.8042565676627246	0.579236999021033	0.6824276775015691	0.881463419739004	0.6716765661405179	0.8359070726052101	0.8038243482148301	0.7705098557427597	0.6943615210780347	0.49806319517458914	0.517556801416347	0.7789293864178172	0.6658605459416407	0.5855931383613323	0.4855499892264598	0.6561281230540655	0.642323350927826	0.6992567671947681	0.7786221009549795	0.7043015963117307	0.7935368277882402	0.8109440503559091	0.7181615065432493	0.8123247065704298	0.8174207849784848	0.545533343573764	0.6230943731459302	0.7090946692294592	0.6616372892411974	0.762558315104822	0.7960512108591702	0.7008231083383669	0.7668165560705209	0.6896290278906039	0.7859779870958838	0.7698351776303873	0.7271373619555777	0.8138778504615761	0.72916248242619	0.7504562632500691	0.7184044195927606	0.7572300140791974	0.8112613050666148	0.7239520565889442	0.8044734559729767	0.6563535719863264	0.7003028927648459	0.7331028448257464	0.7257576021305112	0.7919066772141321	0.711275415896488	0.7038043478260869
24	0.3370044052863436	0.848346161847306	0.4088215931533904	0.4556101246694371	0.12351013110846246	0.518188388340159	0.5267472842795655	0.74294316898758	0.5560983056021981	0.612538206412174	0.5680905439941585	0.667257892869812	0.5879407051282052	0.7309323416193645	0.6012022165868319	0.22080543363342198	0.6065264061829111	0.849443889027743	0.6154560941613753	0.5469998503666018	0.3560389969773085	0.5415818888917506	0.3635273193531042	0.7747366708690878	0.7053110870534293	0.6987657716505655	0.7640079103493738	0.8470741414042156	0.6113034550273394	0.2912584856396867	0.3715712273141626	0.6910212048620353	0.4406135248432067	0.6863052781740371	0.7545317059663025	0.6530702140780548	0.3929912943567988	0.8148692613567899	0.757299657736339	0.8075983061101029	0.6691875540190146	0.7895340064995358	0.7602047280006081	0.7690217914876399	0.6288662216790448	0.7300272100493054	0.7173809035609323	0.4623941958887545	0.8027218560982216	0.5779317096324423	0.6816288491165339	0.8819971326014839	0.7109244249007318	0.8349371845969661	0.8037837068947999	0.7692041468057326	0.6925201573529002	0.4961678933097228	0.5173109078390873	0.7791971035555385	0.6641952067192818	0.5864637410118337	0.48595399698340874	0.65453313960475	0.6446826955786978	0.685078700286651	0.8137653478854024	0.7059629788589071	0.8250680058589663	0.8093335464280006	0.7146413752222881	0.8119126423947575	0.8173295084104838	0.5450066928529108	0.6235385567206562	0.7381450572978759	0.660914079893362	0.7629261116165624	0.7949406139133117	0.7130840868726391	0.7682311133600911	0.688478202003791	0.7875996273677673	0.7693780564587771	0.7534771965842818	0.8146481628660512	0.7290346728989027	0.772209420223062	0.7212146207187593	0.7576377722555182	0.8116697461830206	0.7240175530521352	0.8056876797370703	0.6571257526592514	0.6992932502153595	0.7337644322086347	0.7270195470923048	0.7953606007598631	0.7134935304990758	0.7133152173913043
25	0.3744493392070485	0.854795090493031	0.4272547728768927	0.48167737060823573	0.128650178784267	0.5396290050590219	0.5466284074605452	0.7564922845314265	0.5785376278430774	0.6245691617350588	0.5869538761105026	0.6836644200070947	0.6060697115384616	0.7423501011287271	0.6204564666103127	0.22679652708807227	0.6241305281236582	0.8563171707073232	0.6307882917763667	0.5536734999251833	0.3646813402017966	0.35972390346923533	0.37279232328245854	0.7831144007483021	0.748328344902248	0.7968508268298553	0.7701970262945873	0.850513437822434	0.6158639956065997	0.2932845953002611	0.374533852656004	0.6939934344778635	0.4445130471517239	0.6899572039942938	0.7589835346241507	0.6586203858690864	0.3965265809359671	0.8185564525846487	0.8190723474566269	0.8111796733212341	0.6744598098530683	0.8273850974930362	0.7662097448501279	0.7689639891331573	0.6293127761586914	0.7310910616010966	0.7194085617296607	0.4637968561064087	0.80339893472962	0.579296330356878	0.6830363086520722	0.8825831702544031	0.7135168837987726	0.8378013851213117	0.8050842291357623	0.8106092783991694	0.6948218620093184	0.4957805323446406	0.5188682338283991	0.783977766729134	0.6662515386286294	0.588495147196337	0.48704481792717086	0.6555818958453958	0.6456703282232489	0.6874131035548156	0.8147612551159618	0.6709354968226059	0.8264673571876961	0.8105260569700397	0.7177328895171219	0.8140925948079913	0.8193636719259356	0.5469158017160036	0.6258705204879674	0.7388263059292961	0.6636225698038827	0.7642424359743704	0.7967916088230758	0.7143913235546019	0.7673455774958886	0.6893311670728405	0.7898193193711256	0.7716636623168281	0.7545939604507665	0.8154307024515498	0.7296280742755938	0.7746889114204074	0.7223751474636256	0.7599227567530139	0.7207818729942623	0.7255043227665706	0.8087278038982973	0.6593208280553193	0.7012476958845487	0.735336591473348	0.7276113557640425	0.796653036667298	0.7109057301293901	0.7119565217391305
26	0.42070484581497797	0.8645724984397753	0.4726793943383805	0.5319229316207027	0.8846096543504172	0.5670922669236329	0.5788071326091412	0.7815205118554761	0.6107464509235231	0.6401768875593419	0.6205427771692832	0.7029975168499468	0.6323116987179487	0.7615319371044562	0.6496665727434958	0.5506359529683145	0.6493774151996565	0.866314671332167	0.6537865881988539	0.5638485710010475	0.37856017710417644	0.36809436732170914	0.38544898043595155	0.7960470128919436	0.601445583646437	0.8098807027194279	0.7884347762396543	0.8574411634648454	0.621833289558511	0.2988616187989556	0.37818016076903954	0.7038417176825481	0.45283202807656064	0.6956918687589159	0.761901718959678	0.6687516518368426	0.40129921781784433	0.8227979274611399	0.823391950902868	0.8164791288566243	0.6843560933448574	0.8301851207056639	0.7693262725821572	0.775591992447159	0.5758437529378584	0.7362261912068577	0.7225297883489394	0.4695042321644498	0.8076419608197165	0.5822332314812068	0.6860414249576812	0.8848017413690258	0.7169297410822696	0.8387409641292982	0.807095974477251	0.8130791133764375	0.6963284323298831	0.4977450058104145	0.6726336841415036	0.7826519294756569	0.6698283976540439	0.591268177860897	0.48960353372118076	0.6587063154789866	0.6472615141505811	0.5274378207658903	0.817094133697135	0.6726661036425813	0.8279713329148357	0.8135011863635805	0.7182800601887739	0.8245404155201977	0.820576346329378	0.5489346294792741	0.628218347954376	0.7405294275078466	0.6650406273486578	0.6900636868696646	0.7996143760604658	0.7158968995952074	0.7704162018561752	0.693122122935283	0.7915789715810417	0.7726037794433471	0.7566018793218198	0.817264779605062	0.7320108090343077	0.7757212646326851	0.7231520290035774	0.7100377753329384	0.7222405912671399	0.726591564055541	0.8107545533391154	0.6602665324749692	0.7030168860400707	0.7364107817401883	0.7308576003898974	0.8225908883268526	0.710536044362292	0.6929347826086957
27	0.3986784140969163	0.8595797794882463	0.4509545753785385	0.5179448432187382	0.13706793802145412	0.557696940496266	0.5714285714285714	0.7753105005645465	0.5979239810715922	0.6358197307667295	0.610806863818912	0.6978538488825825	0.6233974358974359	0.7553337247993737	0.642528411759181	0.5469515906833691	0.6432803778445685	0.8628155461134717	0.6459656187083785	0.5599581026485112	0.3748988888415854	0.36603394545033097	0.3812714563428051	0.7930782057017366	0.7529134560275107	0.8065458796025716	0.7837837837837838	0.8599223701665603	0.6204245361858599	0.298088772845953	0.3781594431093064	0.7019785289681484	0.45091476294153965	0.6972039942938659	0.7612627004920443	0.6672099374504449	0.40048168279641166	0.8216411615857332	0.8224241708957866	0.81502722323049	0.6808124459809853	0.8293726787372331	0.7681354042617883	0.7730872237529142	0.5759377644072576	0.7357147241146504	0.7221652655320894	0.46844014510278115	0.8068520357497517	0.5817585807944465	0.6849192612739411	0.8841319840514039	0.7177009155645981	0.8399684786397321	0.8077868769177623	0.8129375304796513	0.6944731188795581	0.5162829948536329	0.6718304317891217	0.7835060746293393	0.6686409383824488	0.6290265372585689	0.4888359189829778	0.6580180691960628	0.64840277853984	0.5286908460495374	0.8171350613915416	0.6728737764609782	0.8288344842017158	0.8125053785913623	0.7177055309835393	0.8240353045951802	0.6912635284913288	0.5488578262491497	0.666370544283516	0.7406997396657016	0.6659481841773139	0.7764184362840938	0.7994447015270708	0.7176458921214197	0.7698986808965763	0.6945301922556187	0.7914869636223534	0.7707149202625428	0.7580119347087954	0.8183652258971694	0.7326681151746426	0.7758595262236151	0.7247441566039726	0.7106378722716746	0.8168238840805212	0.7266832591040084	0.8314237458346647	0.6616113415120859	0.7045637695791921	0.7361048864986377	0.7313623783746149	0.8734192728933852	0.7179297597042514	0.7092391304347826
28	0.3039647577092511	0.844809652589973	0.39828834759710335	0.44465432565168117	0.12000893921334922	0.49771139484461574	0.5076860012297602	0.734474971772676	0.5388490306823386	0.27879300253625544	0.5529998783010831	0.43144732174529976	0.5740184294871795	0.39166177334116264	0.5862684324222786	0.21484637811168422	0.5894375268355517	0.8430079980004999	0.5985751897165866	0.2408798443812659	0.34548086338286005	0.47062611069616506	0.35451048517185757	0.561551913457237	0.5426351652550468	0.6919242273180458	0.7562074269391342	0.8417186655529897	0.6055968100093121	0.2346527415143603	0.34165492665948455	0.6804631354804365	0.4330419523608358	0.6838801711840228	0.7541269942701344	0.6465069156902475	0.38914667020195326	0.5791300156645379	0.7530744718517645	0.8045493042952208	0.6646067415730337	0.8553418059424327	0.7559226695720476	0.7614111481474345	0.5672417034878255	0.7501994721659608	0.7153532453922038	0.4623941958887545	0.8003972194637538	0.577041739594767	0.6331665937577268	0.8794122879537868	0.6904144652643324	0.8345128585933593	0.8033976143545143	0.8074157975049947	0.7267109337946043	0.5162414918930883	0.6684043146126356	0.7776417944697288	0.8031424227065382	0.6255924934704801	0.48829724197371255	0.6682543670865333	0.6458349336640073	0.6762903585712079	0.8119918144611187	0.6673219897824973	0.82510724000837	0.8120627973592653	0.7394555651817063	0.8196089378048943	0.6866866605815621	0.5466634482455948	0.8147595856401796	0.7383032043015985	0.6606304683844071	0.7993476451344393	0.7971463828474472	0.7127595315584966	0.7704047013904063	0.6911047928513404	0.7869900746414565	0.7683344401990634	0.75555279811391	0.8169835544415235	0.7517482517482518	0.7751405659507788	0.7213393054103565	0.7948899437601459	0.7906836526305553	0.7238145140162431	0.8287761902588214	0.6825990386784432	0.7026185866856862	0.7338640260082093	0.7305355868479225	0.873408131204528	0.7142329020332717	0.7038043478260869
29	0.3039647577092511	0.844809652589973	0.39828834759710335	0.44578768417075937	0.12023241954707986	0.49867501806793546	0.5091207214593154	0.7356040647346631	0.5403755151885208	0.604929440072836	0.5534866739686016	0.6536892515076268	0.5749198717948718	0.7191231160696809	0.5873015873015873	0.21542306090411048	0.5916702447402319	0.8435703574106473	0.5998141551804244	0.46631752207092625	0.3469709225594959	0.47132150307775517	0.35546180253960374	0.7667656269063402	0.6625485576004585	0.7791453226527315	0.7574525745257452	0.842553923254557	0.606480265514195	0.4440522193211488	0.44605121405486037	0.6805962203886079	0.43398433691872745	0.6874465049928673	0.7538500862674932	0.6491058056558894	0.3895222944009899	0.5800939872273768	0.753782603564263	0.8055414398064126	0.6671132238547969	0.8743471448467967	0.7555679428383206	0.7624901254311093	0.5676412522327724	0.7492379140326112	0.7163329004624883	0.4635308343409915	0.8020447774668231	0.5777982141267911	0.6342697377180135	0.8796425170317193	0.6914973911331342	0.8344370860927153	0.8042510820751458	0.8476725344911668	0.7281059063136456	0.5188285097670301	0.6695846037834825	0.7775908007292105	0.8041561074505829	0.6272692096862607	0.4886339151045033	0.6690190851786709	0.6733240422706772	0.6770112772275528	0.8122510231923602	0.6851956970192028	0.8244533375183093	0.8130340172852559	0.7405772650585929	0.8202070954792572	0.6873777545964271	0.5477167496873011	0.8165997747354728	0.7395197197148488	0.6602759539982133	0.799812230201901	0.7979484806416782	0.7123267911396399	0.7715662484330615	0.6939750880043325	0.7882436830785863	0.7677134453998947	0.7540750600683594	0.817851684294186	0.7534919388705289	0.7764402249055212	0.7205240593499131	0.795897798875203	0.8169989302732665	0.7262968299711815	0.8299265075090154	0.6840479619635947	0.7040080030381904	0.7347105733045934	0.731432002924231	0.9012623533475204	0.7208872458410351	0.7065217391304348
30	0.4911894273127753	0.8820470147701269	0.5365371955233706	0.5848129958443521	0.8954112038140644	0.6092507829438689	0.6161098585775774	0.7979864508844562	0.6373072813310945	0.6626780256226832	0.6531580868930267	0.7258779709116708	0.6623597756410257	0.7767338683369218	0.6707992861839016	0.5593823086534456	0.6749677973379132	0.8754373906523369	0.6815858757937122	0.8728415382313333	0.3920132828132317	0.6311329744765241	0.39765065971791375	0.8096709910935784	0.6048048143666815	0.8237700691030357	0.8046949388412803	0.8720336068392865	0.6367565244382895	0.6777441253263707	0.6782547443440788	0.7336083754768876	0.4748968251389205	0.7091868758915835	0.7726159286003366	0.685886706017091	0.6300985461133943	0.8297867212917219	0.8328809158503482	0.8265698729582577	0.6959377700950735	0.8855762534818942	0.7758633795322675	0.8237028188281535	0.5809438751527687	0.7661572454428283	0.5105825530266785	0.4777509068923821	0.8133971291866029	0.5875137203714141	0.64617608459973	0.8855970781837019	0.7011616841138056	0.8430448421658812	0.8152852004633111	0.8567653027514276	0.7723404848924477	0.5255381550550606	0.6785679158060391	0.7834040871483026	0.8141046991528492	0.5993938025989102	0.4947882999353588	0.6741536209401663	0.6798533914207644	0.6867608438181225	0.854556616643929	0.8276315607304545	0.7084771918811467	0.8183326981473058	0.7011353791436779	0.7656019460063006	0.8238101447385578	0.5533563011564372	0.8232308009581675	0.7426948249434321	0.6324394843942768	0.8046323002768153	0.8042727132500386	0.7137692592024955	0.7760169286856118	0.6986190089358245	0.8190893512288813	0.7907678773190274	0.7875779760628997	0.8229259644189032	0.7373240336686812	0.7794174578302148	0.7227396104082944	0.7290177644080967	0.8196926966838471	0.6652934241550956	0.8542566303008171	0.6872234465286574	0.7291286506914662	0.8065959550689688	0.7319454839776505	0.9011397947700912	0.7208872458410351	0.7078804347826086
31	0.5	0.8830871645516954	0.5345622119815668	0.5821684926331696	0.8954112038140644	0.6119007468079981	0.6197991391678622	0.7991155438464433	0.6389864142878949	0.6628080900045522	0.6554703663137398	0.7276516495211067	0.6637620192307693	0.7796046192992758	0.6729595191133653	0.5605677121712107	0.6768570201803349	0.8759060234941265	0.6837540653554283	0.8731707317073171	0.39329047639320536	0.6322404512323898	0.39967737932746	0.8106470372930985	0.5655448003566198	0.8243201430192182	0.8064161722698308	0.8738515206603449	0.6374012081850958	0.6785378590078329	0.6783168973232784	0.7340076302014018	0.47570922561986156	0.8251640513552069	0.7729141372185656	0.6870760285437406	0.40987228777232754	0.8303892035184962	0.8333293992682639	0.8270538415003025	0.6974070872947278	0.8860114902506964	0.7772569488433375	0.8261305177164217	0.5804503149384225	0.765093393891037	0.5104686396464129	0.47830713422007254	0.8150446871896723	0.5883591919072058	0.6466896171329669	0.8866749688667497	0.7017523709513339	0.8439995756739964	0.8178252829651907	0.8570799314109522	0.773665708785537	0.5247911017652592	0.6791416674863119	0.7798727706174067	0.8136702628339729	0.6004739947763841	0.4587642749407455	0.6739569791450452	0.6804679183995962	0.6873616093650766	0.8550613915416099	0.8284484071494829	0.709418811466834	0.8177794716071846	0.7233231498791665	0.7958820167218301	0.6940409440605033	0.5530929757960106	0.8236908482319908	0.7435098902703097	0.6327372764786795	0.805029133355272	0.8051365108745951	0.7158337916174574	0.7767529584948191	0.6995802870295152	0.8194918860481432	0.8114073294636157	0.7878261458110074	0.8232071895824418	0.7378991765414742	0.7789197161028666	0.7222984184226428	0.7381730894990729	0.8216376543810172	0.6665247576630862	0.8542840188067741	0.68885456974787	0.7304254392871368	0.7556892958006985	0.7323371220692416	0.9014740454358071	0.7149722735674676	0.7228260869565217
32	0.5044052863436124	0.884127314333264	0.5576036866359447	0.5980355119002645	0.8976460071513707	0.6205733558178752	0.6294322607091617	0.8038200978547234	0.6450923523126241	0.6673603433699682	0.6630156991602775	0.7335934728627173	0.6681690705128205	0.7835845240425393	0.6808490654644501	0.5625861019447025	0.681580077286389	0.8773744063984004	0.6884001858448195	0.8744875056112524	0.3961003022691473	0.633966054549669	0.401621375687637	0.8135751758916588	0.6064287078902121	0.8267267164025166	0.8085768695524793	0.8764309929740087	0.6410544160836656	0.6799164490861619	0.6804093809563272	0.7378670925383728	0.47996620413999286	0.8287874465049929	0.8586917161905979	0.690071359351599	0.41133059348623446	0.8319556573081094	0.834249970494512	0.829546279491833	0.6984442523768366	0.7480559424326834	0.7780930904299794	0.8268626808732009	0.5832941618877503	0.7668323820045418	0.513316474153054	0.480677146311971	0.8153155186422316	0.5888783410958498	0.6469368735378588	0.913758280398087	0.7019984904669707	0.8457120341885523	0.8181300928654163	0.8573945600704769	0.7733727645565383	0.5270875989153893	0.6794859184944756	0.7817212937111969	0.8145246542610962	0.6012317415277464	0.46051497522085755	0.6748855653997837	0.680851997761366	0.6883571637000292	0.8567530695770805	0.8288914424953966	0.742715526260724	0.8201521987681489	0.7253020838083079	0.7658412090760458	0.6942495762159343	0.5534221324965438	0.8238177578247696	0.7443736162137174	0.66925225825664	0.8051646373332817	0.8059386086688262	0.7153018815192795	0.7772704794544179	0.7004332520985649	0.8495784885392587	0.8350741312541508	0.7886383377139055	0.8243320902365959	0.7377713670141869	0.7803760715273297	0.7232767136951747	0.7390963155586672	0.8212583876300691	0.7278621954414461	0.8542566303008171	0.6897655694181749	0.7309256291740382	0.7549494561467159	0.7537640772136255	0.9026996312100988	0.7164510166358595	0.7255434782608695
33	0.5044052863436124	0.8814229249011858	0.5404871626069783	0.5923687193048734	0.8975715137067938	0.6140688990604674	0.6197991391678622	0.8017500940910801	0.6420393833002594	0.6632633153410938	0.6589996349032493	0.7275629655906349	0.6670673076923077	0.7798655966594897	0.6766225227763689	0.5617531156889758	0.677286389008158	0.8753749062734316	0.684915595477776	0.8732006583869519	0.3950785474051684	0.6323434723259588	0.39967737932746	0.8115010777176787	0.6053779532573393	0.8251796335132533	0.8071119900388193	0.874932442391785	0.6390964876674387	0.6790809399477806	0.6797464158448662	0.7362700736403158	0.47743151463945666	0.827246790299572	0.8580952989541398	0.7061932869350718	0.41071191833488	0.8316182672611158	0.8341791573232621	0.8283847549909256	0.6987035436473639	0.8870995821727019	0.7776623508247397	0.852411321554498	0.5825890758672558	0.768182655127969	0.5134531702093728	0.4797339782345828	0.8152252414913785	0.5887893440920823	0.6467656960267798	0.9141978086377764	0.7017523709513339	0.845166472183915	0.8182926581455365	0.8577091887300015	0.7732890662053957	0.48886337225388743	0.6803711353726107	0.8173786667686541	0.8148287596843096	0.6013929642408022	0.46056884292178407	0.6747653954138764	0.6809836821139728	0.6883228342402032	0.8563710777626193	0.8295006160960279	0.7426109018623143	0.8204841346922216	0.7233687474351375	0.7879996278130026	0.6961272656148129	0.5540585021175748	0.8232942557545568	0.7452495073112576	0.6708404827067882	0.8065583925356666	0.8057997840505938	0.7160501618268859	0.7777419985509413	0.7006769564040076	0.8498315104256519	0.8356002518478908	0.787273404099313	0.8248578590206028	0.7381547955960489	0.7805880726334224	0.7227875660589087	0.7390963155586672	0.8215987552270738	0.7294603091433063	0.8553978180490254	0.6896007218587864	0.7311016219120221	0.7557462065433126	0.7545908687403179	0.9018417211680947	0.721626617375231	0.7282608695652174
34	0.486784140969163	0.8741418764302059	0.5200789993416721	0.5704571212693615	0.8933998808104887	0.5996145507106722	0.6083213773314203	0.7946932630786602	0.6295222103495649	0.6593613838850231	0.6458561518802483	0.7198474636395885	0.6563501602564102	0.7752332485156913	0.6689208227669766	0.5576202223432544	0.6703306139974238	0.8727505623594102	0.6760105312064426	0.8695196767918599	0.38903316445996	0.6298452108069127	0.3952516854862059	0.8078815730611248	0.6039769470801758	0.821088458761646	0.8022778876437413	0.871542278779541	0.6357298058785606	0.6772219321148825	0.470622358498384	0.7332978440244876	0.4736294803886524	0.8241084165477889	0.8564338509382922	0.7021848295304378	0.6371470237306112	0.8307506928545608	0.8320547621857666	0.8274410163339383	0.6955920484010372	0.8863596796657381	0.7766995211189095	0.8516791583977187	0.5816019554385635	0.7674870598825672	0.5114710773927506	0.4769770253929867	0.815834612259637	0.5876917143789493	0.646784715750233	0.9138629299789655	0.7015882912742428	0.8438934941730947	0.8182113755054764	0.8574417543694055	0.7361130485729431	0.4891400586575176	0.6799121340283925	0.816983465279637	0.814785316052422	0.6009737851868572	0.4601109674639086	0.6746670745163158	0.6808081029771638	0.6875675861240323	0.8567394270122783	0.8293898572595495	0.7425062774639046	0.819451445150662	0.7234964205918563	0.8257500232616873	0.6963228582605294	0.5540255864475214	0.8244047146913718	0.7457239483224253	0.6701456345098484	0.8054162875781568	0.8061699830325466	0.7150314187574941	0.7784205260313043	0.7003249390739237	0.85030305121393	0.8571280715524008	0.7900258322146894	0.8245766338570643	0.7581478573645676	0.7817033828002581	0.7236411766398435	0.7391732510636334	0.8218515997277059	0.7371299449829709	0.8567855023508467	0.6906418643391348	0.7315647606961903	0.7560521017848632	0.7552958173051818	0.9038583668512473	0.723105360443623	0.7255434782608695
35	0.5	0.5064220183486239	0.5369318181818182	0.6074544012688342	0.5723514211886305	0.6253190403266973	0.6268390548372715	0.870164998647552	0.6446004680708793	0.666637113219257	0.6533038429637822	0.6419379258137774	0.6635675675675675	0.670996640537514	0.6735318107667211	0.5301981188713228	0.6781960634435314	0.6754214729370008	0.6833248342682305	0.9071994715984147	0.25812083047571543	0.6112658889082361	0.26910460454379787	0.815962441314554	0.31784065571711206	0.8678924072182499	0.7003619118931735	0.9262201321809863	0.8592035980693287	0.8635343080882756	0.8602138921896942	0.704671675922901	0.34513274336283184	0.4596423392943451	0.8503901784382921	0.7144328931347756	0.5830266789328427	0.37359758809865073	0.7628921193573068	0.8736263736263736	0.7205223880597015	0.8431985808981421	0.8009737917768694	0.872043338928735	0.7167026327147173	0.8682114132516278	0.5101988027492425	0.3912433850468135	0.8704791458864384	0.39566822766570603	0.5741644529560759	0.9307071210755452	0.7071481465348259	0.8899898944531777	0.7059248554913294	0.7962068686432676	0.7356844827911718	0.8274661972957836	0.43069505825632787	0.8779389694847424	0.8189821943227131	0.5843686191542228	0.4598085700358931	0.6803576604901108	0.476282065135176	0.7023917376336293	0.8375833925971079	0.8348011970927747	0.839398516890964	0.8445841889117043	0.7176628010704728	0.8952109793802967	0.6475922820773209	0.5704908223782623	0.8239042696310982	0.4646741087504501	0.432086516519496	0.858657764249595	0.78410152600436	0.8412698412698413	0.8685108632955201	0.7840089440276976	0.8288365495434262	0.8007933524325586	0.8197899665331289	0.8189027856736782	0.8515456633103692	0.7414705486173918	0.8176170803051778	0.8068171873632625	0.7801639038927175	0.7180472768462296	0.7627105447561704	0.5741304809803782	0.646594455663668	0.6599358453192212	0.846030934424134	0.9107446090860453	0.7301337529504327	0.7470588235294118
36	0.5	0.5148026315789473	0.5503685503685504	0.6066176470588235	0.0857532146810866	0.6261113710809546	0.6183745583038869	0.859642301710731	0.64015606242497	0.6658381899211518	0.6555691554467564	0.6553698190977788	0.6645817044566067	0.669809467688077	0.6810233756672188	0.5350146627565983	0.6751768155942729	0.6814201560261105	0.6832880024176489	0.8994161116686433	0.2774393885106891	0.6171428571428571	0.28575596662192915	0.8089411388355726	0.3274927247664267	0.8591869918699186	0.6996291718170581	0.919600468586226	0.8516408862876255	0.8570606393554125	0.9006445047489824	0.702298962071976	0.36708185915766006	0.4762242268041237	0.8429899521081792	0.7160917615539183	0.5890828049469521	0.3927468413664015	0.7607198088007873	0.8657008613938919	0.7191861442744241	0.8855690743878023	0.794486354559574	0.8660707797398445	0.716295609152752	0.8620387605387058	0.5204731894518184	0.4123496663975182	0.8638492729306487	0.4158449506970418	0.5819031838087347	0.9259597976819276	0.7080669325399337	0.8837986418023068	0.7192051265454075	0.8887367958883235	0.7390166215127774	0.8277243289784	0.45179996987498117	0.8741353129745234	0.8189731812120314	0.564223162892786	0.4745654396728016	0.7094765786114112	0.5717911091929219	0.7042752629172382	0.518908905072186	0.8806778685970421	0.8331992922631495	0.8372275791191851	0.7520173414446543	0.8894280910116426	0.6512930547713156	0.5771457678920112	0.8767272479749506	0.4841780638240815	0.7627635097319818	0.6924482109227872	0.7803124666358233	0.8791168459889123	0.8617995444191344	0.781124365649509	0.8444699056580776	0.799048766408152	0.8178992276338953	0.8148822721993454	0.8469010486689971	0.7410269055838676	0.7919534379356895	0.7345012673326375	0.77891690635422	0.7639780154486037	0.8283285342108871	0.5906266295845646	0.7082527089783281	0.7125152427643531	0.8425284380758045	0.9079502603699048	0.7301360057265569	0.7418478260869565
37	0.4796747967479675	0.5338983050847458	0.5411605937921727	0.5855925639039504	0.5824972129319955	0.609051516610496	0.6125415282392026	0.8553842166645069	0.6433353621424224	0.39699367088607596	0.6568793982043193	0.7815491731940818	0.6642276422764227	0.6815470463729074	0.6812719541504899	0.5349682107175295	0.6758596613719672	0.6787741203178207	0.6832948421862971	0.9038488258996804	0.2727327617437508	0.33481656374863783	0.2853787433940106	0.8124249459610919	0.39521601171588966	0.8772556209591817	0.6943438914027149	0.9100572952326043	0.6236968847162104	0.8870873867132286	0.8531017627788466	0.5623858311492336	0.36397666504618376	0.6711169000325626	0.7126467449306296	0.7122779789618899	0.6159050445103857	0.7034261241970021	0.7084842214174858	0.7154599510318294	0.7193178882094565	0.9106577052328373	0.7946520397668838	0.7615143775232759	0.7922888474101727	0.7178134556574923	0.5542930540460429	0.5130394563631836	0.8634456004232058	0.41007412544973776	0.43165554881746515	0.8864698104892023	0.8984030540918378	0.8610182088442958	0.8292663508618288	0.9125375920356735	0.7383970916606691	0.857359440018064	0.8486671268448214	0.8263803923116391	0.7265255573069128	0.4701594391711645	0.26484494803203273	0.6467384727096697	0.6065569439674531	0.679543348218047	0.4767944448380925	0.8829740106320142	0.8995741370132263	0.8462055891885281	0.7550817421514927	0.8233713654766286	0.4859803589569929	0.5946203206800913	0.8275533471735357	0.48954639105616915	0.5738665370122766	0.8117363147605083	0.8174245271201303	0.8252722416272859	0.6528030518953761	0.7381608822575414	0.8110092875435836	0.793851694307076	0.8143325497958679	0.8143338909689583	0.7251645024165841	0.8436343115124153	0.7631759242812556	0.8907012284723447	0.7662343865682693	0.6978171814370322	0.8188868872665213	0.5944446842491475	0.6405413967896367	0.6296525549347625	0.8453205771159633	0.9071462418485006	0.7300751879699248	0.7441860465116279
38	0.43	0.4847942754919499	0.5133858267716536	0.5812937062937062	0.0750607427976397	0.6095085470085471	0.6159323542501113	0.8605743424584005	0.6309937456567061	0.3809050223769269	0.6505958829902492	0.7850849590937696	0.6537937301226715	0.6656475212928588	0.6728608470181504	0.5297111694607151	0.6710243902439025	0.670773313115997	0.6770648706132577	0.8262715775870026	0.25155768141481527	0.3807445671535447	0.262863121614968	0.8167690956979807	0.5456946645536186	0.8660027952480782	0.6939070930385577	0.9273518041237113	0.8613956105796285	0.8646227464945471	0.5519327129563351	0.6934857142857143	0.33569851781772314	0.44663747936553505	0.706217563854686	0.7065927539101168	0.36933519664603714	0.7054760236259886	0.8487679256715815	0.8002832861189801	0.7153558052434457	0.89256225319017	0.7973888716195213	0.8039672860319965	0.7163718820861678	0.7187801244413285	0.3847194996732941	0.3885136687342063	0.8706854642683519	0.38702078521939953	0.5747776625498885	0.9186845824052119	0.6715976331360947	0.8525448802526888	0.7142102881279228	0.8975303588484104	0.6795149819284132	0.8391843163261077	0.8308048883270123	0.8842330401253163	0.824755199482075	0.5840716824348	0.43702359346642466	0.640358077258503	0.4475388852255537	0.5580813926570675	0.5024901795735129	0.6391455658226329	0.8771243323526892	0.796130402659771	0.71593261414699	0.8332127213864026	0.686399723852261	0.5711994011015453	0.8580225249657021	0.4677057677462045	0.5649218043169187	0.6168520662404994	0.792925992484888	0.6556218808102554	0.7002061855670103	0.7402843164405059	0.7410971180604689	0.7755834292634065	0.7910957543985067	0.8239393497594402	0.7136461797947635	0.6879020746563422	0.8161897116573734	0.8685994665797993	0.766486684839589	0.5911625336972356	0.8921593677074284	0.5754211424314517	0.6888903155394344	0.7321287422191483	0.8511294982926189	0.9161528976572133	0.7367549668874173	0.7588235294117647
39	0.4911894273127753	0.8835032244643228	0.5562870309414089	0.5987910842463166	0.1505512514898689	0.621296073235365	0.6361959417913506	0.7941287165976666	0.651808884139826	0.34395525785263703	0.6637458926615553	0.5191557289819084	0.6714743589743589	0.7865857636850003	0.6817882971729126	0.5656937814372217	0.6854443967367969	0.8772494376405898	0.6874709617469413	0.7253628609905731	0.39703691089446125	0.3153733226878203	0.40381354179592177	0.8185367440725527	0.2944660256002038	0.826004744387527	0.8078810517834908	0.8751289736156832	0.6413170650175497	0.5744334203655352	0.5769868235684097	0.6278502351166712	0.4794462678321906	0.6839657631954351	0.7556180373612797	0.7111267729715444	0.6427151000928013	0.6120496445354862	0.8411424524961643	0.8392014519056261	0.7164217804667243	0.8947452414113277	0.8213950895685003	0.8186547465366756	0.5964792704709975	0.8002209537838335	0.6060191830132368	0.5814268440145103	0.8289925069964792	0.7431843127948026	0.6581585103752592	0.9196814466758061	0.7114002559642962	0.8740964129298195	0.8301802442543333	0.8682177859581229	0.7448455765421421	0.6004925017984616	0.6894364119209206	0.857472495251208	0.8242849902251829	0.6131299777512657	0.4720965309200603	0.6834067098550313	0.7698706201235638	0.7011277227552825	0.7328240109140518	0.8036245829237564	0.752877170956267	0.8770238870926101	0.7055401030504765	0.8692028552059656	0.7398226626678837	0.6658949770687499	0.8394752288338595	0.7552127685457775	0.5472993094059757	0.7646392690528272	0.8224587382384698	0.6945844339665167	0.7312571159131945	0.6971026265908475	0.8636672072134239	0.7093485592058166	0.7461223476858171	0.8398239285932628	0.6624550384341507	0.7875011521799244	0.7580733337809195	0.8130544164826626	0.8133229602256151	0.7493581346607283	0.8518007942666728	0.6791285637439484	0.7683657684861845	0.7843794239210079	0.8533794015769961	0.9120029414058582	0.7537892791127542	0.7540760869565217
